description,price,product_id,product_name,seller
"Любые стейки прожарки medium-well done; свиные ребра; говяжья печень; картофель, овощной рататуй; рис по-восточному; красные сорта рыб на гриле; рыбные шашлыки; острые супы с мясом осьминога или краба; все шоколадные торты; шоколадный фандан; все восточные сладости. Предком Glenmorangie The Lasanta был Glenmorangie Vintage 1963, односолодовый виски с дополнительной выдержкой в бочках из-под хереса Олоросо. Первый выпуск состоялся в 1987 году, с тех пор Glenmorangie не перестает экспериментировать с довыдержкой в различных бочках, создавая невероятные экспрессии. Glenmorangie The Lasanta один из лучших результатов опыта дистиллерии Glenmorangie.   Виски Glenmorangie The Lasanta  это:  в переводе с гаэльского языка тепло и страсть;  выдержка 12 лет: 10 лет в бочках из-под бурбона, и не менее 2-х лет дополнительной выдержки в испанских бочках из-под сухого хереса Олоросо и из-под сладкого хереса Педро Хименес;  ароматы специй и пряностей;  вкусовые оттенки лесного ореха, шоколада и су...",4003,52498393,"Виски Glenmorangie The Lasanta Sherry Cask Finish 12 лет 0,7 л в подарочной упаковке",Glenmorangie
"Подарочный набор для женщин, бьюти бокс с косметикой - это набор уходовой косметики для лица в подарок подруге, девушке, маме, сестре, коллеге и для себя любимой! Набор косметики женский включает в себя 12 предметов: набор тканевых масок для лица Корея в ассортименте (Jigott, Doris, Ekel) 7 шт., патчи для глаз 2 пары, гелевые маски для губ 2 пары, крем для рук 1 шт., **Открытка. Косметический набор beauty box** отлично подойдет в подарок девушке на день влюбленных, подарок маме на день рождения, на 8 марта, на день матери и без особого повода. Подарочный бокс упакован в декоративную коробку с прозрачной крышкой, украшен лентой. Дополнительно бьюти бокс с косметикой упакован в транспортный короб, что гарантирует доставку до Вас в целости и невредимости. Размер подарочной коробки 17*17 см. Наши подарочные наборы косметики для женщин могут содержать иной набор корейских тканевых масок, патчей и упаковочной бумаги, чем на фото.Корейская тканевая маска, корейская косметика",534,46141648,Подарочный набор косметики женский / Бьюти Бокс / Beauty Box/ Подарок на 8 марта / Бокс с косметикой,O'RIMWELL
"Сумка женская спортивная отлично подойдет для тренировок, для фитнеса, йоги или повседневного использования. Сумка спортивная очень вместительная, изготовлена из износостойкого и водоотталкивающего материала. Сумка дорожная через плечо идеально подойдет для поездок, путешествий, походов или пикника. В сумке есть внутренний карман для обуви с вентилируемым отверстием, а так же боковые карманы на молнии для ключей и прочей мелочи. Ремни сумки легко регулируются. Cумка идеально подойдет как ручная кладь. В нашем интернет магазине представлены такие модели, как: сумка кросс боди женская рюкзак женский рюкзак городской рюкзак мужской черный сумка мужская сумка для спорта сумка для фитнеса дорожная сумка хозяйственная сумка для тренировок сумка в багажник сумка в самолет ручная кладь сумка для документов сумка женская маленькая сумка в роддом. Сумка-это отличный подарок для женщины любимой мамы жены подарок для мужчины мужа на 23 февраля подарок для жены подруги любимой на 8 марта.",1141,36313576,Сумка спортивная сумка женская через плечо сумка кросс боди сумка мужская дорожная фитнес рюкзак,Gnayt
"Angel Like Me - безопасная, гипоаллергенная детская декоративная косметика. Победитель федеральной премии в сфере товаров у услуг для детей Золотой медвежонок.Тени, помада, лак для ногтей, блеск - лучший подарок для девочки. Найдите все наши товары по запросу Angel Like Me и Angel Like Me линия Barbie.Детский косметический набор Angel Like Me имеет Свидетельство о государственной регистрации, выданное управлением Роспотребнадзора по г. Москве. Косметика проверена в Центре контроля качества Онкологического научного центра. Испытания подтверждены Центром гигиены и эпидемиологии в городе Москве. Все компоненты соответствуют Техническому регламенту ТР ТС 009/2011 О безопасности парфюмерно-косметической продукции.Ждем Вас в инстаграм @Angel.LikeMe и будем рады ответить на все Ваши вопросы по электронной почте info @ AngelLikeMe.ru",793,13370904,"Детская декоративная косметика для девочек ""Цветок"". Тени, блеск, помада, лак. Набор косметики",Angel Like Me
"Не бывает плохой погоды для бега в этих кроссовках adidas. Промежуточная подошва Boost смягчает каждый шаг, а прочная подметка обеспечивает плавный перекат стопы.",3199,30305196,Кроссовки RESPONSE SUPER 2.0  CBLACK/FTWWHT/GRESIX,adidas
"Варежки из высокопрочной, износостойкой ткани. Ладонь усилена износостойкой прорезиненной вставкой. Предусмотрено соединение рукавиц карабином друг к другу. Беспоровая мембрана - HIPORA не пропускает влагу внутрь, а при повышенной физической активности адсорбирует избыточную влагу с поверхности рук и выводит ее наружу, удерживает тепло, обеспечиваю высокую комфортность. Материал совмещает полную ветронепроницаемость, высокую водонепроницаемость и паропроницаемость. Внутренний слой - это мягкий, приятный на ощупь полушерстяной мех.",1439,15149559,Варежки водонепроницаемые,NELS
"Зубная щетка Philips Sonicare обеспечивает тщательную чистку без повреждения зубов и десен. 31 000 выметающих движений в минуту аккуратно очищают межзубные промежутки, разрушая и вымывая налет. Клинически доказано, что зубная щетка Philips Sonicareудаляет налет с поверхности зубов и линии десен до 5 раз эффективнее* по сравнению с обычной зубной щеткой. 2-минутный таймер SmarTimer и 30-секундный таймер QuadPacer помогут чистить зубы в течение рекомендованного времени для каждого участка полости рта, чтобы обеспечить оптимальный результат чистки. Встроенный датчик давления автоматически распознает давление на щетку, предупреждает пользователя и автоматически снижает интенсивность вибраций зубной щетки для защиты десен. Индикатор отображает уровень заряда аккумулятора. Технология BrushSync уведомит вас о необходимости замены на ручке щетки и издаст короткий звуковой сигнал. Аккумулятора хватит на 14 дней использования. Дорожный футляр для путешествий в комплекте.",4810,39326649,Электрическая зубная щетка Sonicare 3100 series HX3673 с дорожным футляром,Philips
"Картриджи Clean and Renew поддерживают вашу мужскую бритву Braun в оптимальном состоянии, обеспечивая эффективность и комфорт каждой процедуры бритья. Жидкость с ароматом лимона обеспечивает смазывание лезвий электробритвы и дарит ощущение свежести во время бритья. Специальная жидкость удаляет 99,9 всех микробов, обеспечивая до 10 раз более гигиеничное очищение, чем промывание бритвы под проточной водой.",894,7159588,Картридж CCR 2 с чистящей жидкостью,Braun
"Детская термокружка - это стильный, современный и практичный аксессуар. Термо кружка станет отличным попутчиком в дороге, на прогулке и в школе. Термос лёгкий и имеет компактные размеры: 20х6,5 см. Объём 320 мл. Детская термо кружка выполнена из пищевой нетоксичной гипоаллергенной нержавеющей стали с двойными стенками и сохраняет тепло до 6 часов, а холод до 12 часов. Дети могут брать с собой воду, соки, компоты и другие напитки - это очень удобно. Термокружка 100% герметична - для защиты от непроизвольного нажатия кнопки, кружка имеет специальный защитный замок. Детский термос снабжен откидывающейся крышкой с кнопкой, которая с лёгкостью открывается одним нажатием. Удобный поильник надежно закрывается крышкой, что делает использование кружки гигиеничным. В нашей коллекции термокружек Вы найдёте очаровательные и яркие принты (Бравл Страс, Амонг Ас, Майнкрафт, Аниме, Наруто), которые приведут Ваших детей в восторг! Многоразовая детская термокружка станет прекрасным подарком ребенку!",699,38574799,Термокружка для кофе 320 мл / детская / подарок / термос,Mojem
"Яркие тени UCANBE всех оттенков радуги - тренд этого года! Формула теней обеспечивает легкое нанесение на кожу век и идеально подходит для их тушевки. Надолго обеспечивает устойчивый эффект. Тени позволяют начать новые, смелые эксперименты и создать незабываемый образ под любой повод: от фотосессии до спонтанного свидания. Тени UCANBE водостойкие, легко наносятся, отлично растушевываются и не осыпаются в течение дня, благодаря их шелковой текстуре, даже без базы. Палитра теней состоит из матовых и мерцающих оттенков, гармонично подобраных для тредовых макияжей различных эпох. Палетка теней октрывается легко и без усилий. Благодаря высокому качеству и демократичной цене тени для век UCANBE уже успели зарекомендовать себя в Европе и США у бьюти-блогеров и начинающих визажистов. Эта палетка теней настоящий must-have на твоем бюьти-столике! Для яркого и стойкого макияжа советуем использовать белую или бежевую базу под тени. Экспериментируй и будь яркой с UCANBE!",436,29168695,Тени для век Ucanbe / палетка теней,UCANBE
"Сумка-шоппер из 100% натурального хлопка с легкостью подойдёт как для похода на работу, в магазин за покупками, так и для отдыха на природе, пикника или пляжного уикенда. Сумка хозяйственная является экологичной альтернативой одноразовым пакетам. Шоппер, который всегда под рукой на случай непредвиденных покупок, значительно упростит Вашу жизнь. К тому же, выбирая наш магазин, Вам не придется беспокоиться о тяжести веса, ведь наши вместительные сумки плотностью 140 г/м2 выдерживают вес в 10 кг ежедневного использования. Такой удобный аксессуар займет мало места в Вашей сумке, если Вы решите свернуть его для удобства переноски. Сумка хлопковая является универсальной вещью, поэтому подойдет как женщинам, так и мужчинам, а так же станет идеальным подарком ребенку или подростку, любимой девушке или молодому человеку. Рекомендуем стирать руками при температуре воды ниже 30 градусов, чтобы натуральный материал остался в своем первоначальном виде. Мы гарантируем качество!",202,17327197,Cумка-шоппер,MILWIK
"Подходят для камер GoPro, SJCAM, EKEN, Digma, X-TRY, Ginzzu и прочих с подобным типом креплений.  Если вы любите активный образ жизни и планируете зафиксировать это на камеру, крепление на голову - это самый подходящий способ произвести съемку от первого лица с тем, чтобы передать в записи самые неповторимые моменты и ощущения. Регулируется, размер универсальный. Материал: пластик/эластичная ткань.",519,59200117,Крепление на голову для экшн-камеры GoPro. SJCAM. Xiaomi YI,Hanagoory
"Кубик рубика - признанный лидер среди головоломок всего мира. Загадочная конструкция легко вращается во все стороны, но при этом не распадается, сохраняя свою целостность. Для самых увлечённых натур скоростная сборка обретает спортивный интерес с возможностью участия в мировых чемпионатах. Настоящие профессионалы справляются с задачей в считанные секунды, устанавливая новые рекорды. Кубик рубика - это полезное увлечение, которое развивает пространственное мышление и ловкость рук.",596,50107096,Кубик Рубика 3 на 3 / Головоломка / подарок для детей и взрослых / Антистресс,Кубик Рубика
"Вибратор Moon это современная секс игрушка, позволяет почувствовать нежные, ритмичные импульсы и открыть для себя новые грани удовольствия! Вибратор имеет обтекаемую форму, помогает получить максимальное наслаждение от прикосновений. Деликатный и мягкий режим, позволяет продлить удовольствие, не травмируя чувствительную кожу в зоне клитора. Компактный размер вибратора удивит своей мощностью и функциональностью, подберет секретный ключ к удовольствию каждой женщины. Секс игрушка идеально подходит для деликатной внешней стимуляции эрогенных зон, влагалища, клитора и точки G. Материал вибратора абсолютно безопасен и экологичен. Аппарат устойчив к воздействию влаги, легкий, непрерывно работает без подзарядки до 2 часов. В комплекте идет чехол для хранения. Порадуй своего полового партнера, не бойся смелых экспериментов! Позволь себе насладится длительным, ярким и незабываемым оргазмом!",1499,49410895,"Вибратор, вибромассажер, вибратор женский, мастурбатор, мастубатор, секс игрушки, чехол в подарок",Shhh...
"ТУ 9133-001-0189234296-14Имбирный пряник паспорт на 14-летие, получение паспорта, первый паспорт, пряник на торт. подароки на день рождения, сыну, дочере, племеннику, украшение торт.Имбирный пряник паспорт упакован в подарочную коробку.Дополнительно имбирный пряник паспорт упакован в пупырчатую пленку и гофра коробкупряник на палочке пряник паспортпряники на палочке печать для пряников имбирные пряники для торта имбирный пряник для торта украшение для торта паспорт имбирный пряник с днем рождения пряничные украшения для торта пряник с днем рожденияпряники с днем рождения пряник для тортапряник на торт пряники в торт пряники для торта пряники на день рожденияпряники на торт пряник на день пряники на деньдля имбирных пряников имбирный пряник пряник имбирныйпряники для украшения торта пряники имбирные украшение для торта пряник украшения для торта пряники Пряникдля пряников ингредиент торт пакет для паспорта ряник в виде обложка для паспотрадля паспорта. Пряник имбииный пасопрт в коробке",378,18671335,"Пряник имбирный Паспорт, пряник в коробке Паспорт. Пряник в подарок, пряник на торт. Пряник паспорт",Frau Praline
"Микротоковый EMS массажер Beauty Gun ( прибор ) в основном используется для массажа лица и области вокруг глаз, но благодаря специальной полукруглой головке устройство удобно использовать практически на любом участке тела. Данный электрический аппарат применяется для комплексного ухода с использованием эффективных методик для омоложения: лифтинга, микротоков, EMS, вибрационного массажа, теплового массажа, хромотерапии, криотерапии и фототерапии. Вибрационный, микротоковый, инфракрасный и LED релаксатор подходит для омоложения, подтяжки, против морщин, против тёмных кругов, осветления и отбеливания линий на лице. Электрический массажер обеспечивает хороший лимфодренаж и очистку меридианов за счет высокоэффективного модулирования микротоковых импульсов на коже и точках акупунктуры. Массаж лица очень хорошо расслабляет - уставшая кожа будет очень благодарна за несколько минут использования прибора. В подарок идёт сертификат с 10% скидкой на следующие покупки от бренда!",4472,31892722,Массажер для лица и зоны вокруг глаз с прогревом / Микротоковый / Вибрационный / Лифтинг / EMS / LED,Beauty Gun
"Ботинки для собак мелких и средних пород зимние ForMyDogs предназначены для защиты нежных лап животных от снега, слякоти и воды. Используемые материалы: верх - мягкая искусственная кожа с водоотталкивающей пропиткой, подклад - искусственный теплый гладкий мех, резиновая подошва - нескользкий и мягкий неопрен. Применение: носки для собак меховые для защиты от реагентов, для длительных прогулок. Обувь для собак мелких пород ForMyDogs рекомендуется использовать в холодную или снежную погоду (зима). Ботиночки для животных не предназначены для прогулок по абразивным поверхностям (грунт, гравий). От того, насколько верно будет подобран размер, будет зависеть износостойкость данных сапожек. Для замеров лапы ориентируйтесь на схему в фото. Уход: ручная чистка и стирка легким мыльным раствором. Не сушить сапоги для животных возле батарей и радиаторов. Предупреждение: износ подошвы не является дефектом. ForMyDogs - широкий ассортимент зоотоваров, одежды и товаров для собак.",1247,43723426,"Обувь для собак (ботинки, сапоги) для мелких и средних пород зимние на меху с резиновой подошвой",ForMyDogs
"Автомобильный органайзер сохранит порядок в авто. Держатель для визиток имеет множество отделений для банковских карт, скидочных карт. Органайзер автомобильный на козырек позволит закрепить очки и ручку эргономично. Держатель на козырек имеет большой отсек для документов, наушников, акссесуаров, косметики, помады и денег. Органайзер для мелочей не мешает обзору водителя и крепится на солнцезащитный козырек. Теги: органайзер для автомобиля, автомобильный держатель для телефона, подарок мужчине, автотовары, держатель телефона в автомобиль, органайзер в авто, визитница для карт, органайзер для документов, держатель для телефона автомобильный, автоаксессуары, держатель для карт, держатель телефона в авто, держатель в авто, органайзер для документов на автомобиль, держатель для очков в авто, органайзер на сиденья, автоорганайзер, органайзер в автомобиль, органайзер автомобильный, органайзер для автомобиля в салон, органайзер на козырек, органайзер для хранения, органайзер для авто визитница",556,53329963,Органайзер на солнцезащитный козырек держатель для телефона козырьки для авто кейс для очков кофр,TopLider
"Во вселенной Владислава Крапивина, где живут, трудятся и сражаются, любят и ненавидят, гибнут и совершают подвиги герои его произведений, чудо и фантастика действуют на равных правах. Космические суперкрейсеры дальней разведки соседствуют здесь с мальчишками, летающими над миром, как ветерки, ведьмы уживаются с роботами, а школьники выбирают себе в друзья очень умного роботенка-мальчишку. 
Сама вселенная у Крапивина не просто необозримое пространство со звездными галактиками-морями и планетами-островами в них - это необъятный кристалл, число граней у которого бесконечно, и на каждой грани свой мир, похожий на соседний и непохожий. 
На одной грани это Земля, на которой живем мы с вами. На соседней грани - планета, практически от нашей не отличимая, только все здесь вывернуто наизнанку. Потому что те, кто велят, - твари непонятной природы, не имеющие даже собственной оболочки, а вселяющиеся в манекены и статуи, - подчинили ее себе ради некой безумной цели.",640,8455388,Голубятня на желтой поляне,Азбука
"Уменьшитель кольца силиконовый. Уменьшитель очень прост в использовании. Силиконовая спираль оборачивается вокруг кольца и плотно прилегает к нему. Уменьшитель силиконовый имеет гладкую структуру и практически невидим при носке. В пакете 4 спирали уменьшителя колец для изделий шириной 2 и 3 мм, а также подарочная салфетка для протирания ювелирных изделий. Длина каждой спирали 10 см. Такая длина силиконовой спирали позволит уменьшить размер 2х - 3х колец.Нас ищу: Уменьшитель размера кольца; уход за украшениями; накладка на кольцо; уменьшитель для кольца; вставка в кольцо; регултор размера кольца; силиконовая накладка; уменьшитель колец; кольцо; кольцо серебряное; Аксессуар для бижутерии.",1260,62709710,Уменьшитель размера кольца/силиконовый/уменьшить диаметр/уменьшить кольцо.,Jewelry care
"- Изображение можно подрезать под вашу высоту потолка. - Основа фотообоев флизелин, поэтому вам понадобится клей для флизелиновых обоев. - Клей наносится на стену. - Фотообои очень легко клеить, они плотные и однородные, не рвутся, не растягиваются и не дают усадки после наклеивания. - Стыков практически не видно. - Покрытие у обоев виниловое горячего тиснения, оно способно противостоять механическим воздействиям и загрязнениям. - Можно протирать влажной мягкой тканью. - Фотообои отпечатаны экологичными и безопасными латексными красками без запаха. - Фотообои упакованы в надежную тройную упаковку: гофрокоробка защищает от ударов, герметичный пакет препятствует проникновению влаги, жесткий тубус оберегает от смятия. - Инструкция прилагается. - Желаем вам удачного ремонта!",4825,10679883,Обои 3д светлые/ Цветы Пионы Кирпич Стена Фреска/ Дизайн интерьер комнаты Кухня Зал Спальня Гостиная,Топ Фотообои
"Незаменимый набор для всех любителей готовить на гриле. Все изделия выполнены из нержавеющей стали, а ручки из термостойкого пластика с нескользящим покрытием. Широкая рабочая поверхность лопатки позволит с легкостью перевернуть большой кусок мяса, гамбургер или большой кусок рыбы, не разломив его. На лопатке также присутствует острая режущая кромка. Щипцы подойдут для приготовления куриных крыльев или овощей гриль. Вилкой вы легко снимете готовые продукты с гриля и сможете проверить их готовность, а силиконовой кисточкой смазать маслом. Лопатка, щипцы, вилка и кисточка для гриля и барбекю станут отличными помощниками в приготовлении самого вкусного барбекю. Длина всех изделий: 40 см. Материал рабочих поверхностей: нержавеющая сталь. Материал ручек термостойкий пластик с нескользящим покрытием.",1605,23820625,"Набор аксессуаров для барбекю, гриля и шашлыка/Лопатка, вилка,кисточка, щипцы для",Anvento
"Рюкзак-холодильник для пикника с табуреткой. Отлично подойдет тем, кто не хочет стоять в переполненной электричке.",3195,10227204,Рюкзак-табуретка для пикника на 2 персоны,Nightman
"Кисти из синтетики серии Andy - это мягкая универсальная синтетика, которая подходит практически для любых видов красок. Ими удобно работать с гуашью, акварелью, акрилом, темперой. Маслом можно работать в лессировочной технике с разбавителем. Синтетика рыжего цвета с темным кончиком, ручка покрыта синим лаком, ворс закреплен аллюминиевой втулкой с двойной обжимкой. Привлекательный внешний вид и понятная маркировка для удобства покупателя. Ручка кисти короткая - 14 см. Длина ворса (выставка) короткая. Номер кисти соответствует диаметру в мм.",225,12419170,"Кисти художественные Andy, кисти для рисования 2 шт, синтетика плоская №14, 18",Малевичъ
"Профессиональные акварельные карандаши в металлическом кейсе. В комплекте точилка, кисть с резервуаром для воды и 72 карандаша: яркие цвета, плавный переход тонов, эффектная цветовая палитра. Идеально подходит для детей, взрослых, художников и любителей. Можно использовать для раскрашивания, рисования, набросков и другого искусства. Прочный, не крошащийся грифель, хорошо затачивается. Каждый карандаш имеет цифровую и цветовую маркировку. Окраска в соответствии с цветом грифеля помогает с легкостью выбрать нужный оттенок. Солидная металлическая коробка на петлях с пластиковыми поддонами.",2292,37674484,Набор акварельных карандашей / цветные / для рисования профессиональные / художественные,WiMi
"Карандаши акварельные Berlingo ""SuperSoft. Рыбки"", в наборе 36 цветов и кисть. Трехгранная форма корпуса диаметром 7 мм и длиной 18 см. Карандаши обладают идеальной растворимостью, смешиваемостью, мягким письмом. На каждом карандаше указание цвета на английском языке и поле для подписи имени владельца. Грифели стандарта качества 8А, мягкость письма, сравнимая с рисованием маслом и пастелью. Увеличенная до 4 мм толщина грифеля, выдерживающая сильное нажатие под углом 45 градусов. Специальная проклейка, предотвращающая поломку грифеля внутри карандаша при падении. Антибактериальная обработка на специализированном оборудовании, гарантирующая безопасное использование продукции детьми.",562,11305587,"Карандаши акварельные ""SuperSoft. Рыбки"", 36 цветов + кисть",Berlingo
"Акварельные карандаши Koh-I-Noor серии Mondeluz предназначены для профессиональных и начинающих художников. Карандаши оставляют яркие выразительные линии на поверхности, мягко пишут. Грифель легко затачивается. Следы не размываются водой и не выгорают на солнце. Корпус карандашей изготовлен из кедра специальной породы, что делает его прочным и удобным в использовании.",1023,12638209,"Карандаши акварельные Koh-I-Noor Mondeluz, 36 цветов",Koh-i-Noor
"Надёжный чертёжный набор от легендарного немецкого производителя Faber-Castell состоит из 3 предметов в пластиковом футляре. Прочные зубчатые колёсики, легко регулируемые ножки, а также нескользящие иглы и свинцовые зажимы для создания точных линий, являются стандартными характеристиками всех циркулей Faber-Castell. Регулировочный механизм позволяет чертить окружности диаметром до 340 мм. Грифели идут в комплекте с циркулем. Вид товара: готовальня; Количество предметов: 3; Материал: металл; Упаковка ед. товара: пластиковый футляр; Наличие европодвеса: есть.",1239,3544513,"Готовальня Faber-Castell, 3 предмета, пластиковый футляр",Faber-Castell
"Всемирно известный французский производитель канцелярских принадлежностей для офиса, школы и дома тм MAPED представляет - набор цветных карандашей Maped ColorPeps Star. Набор поможет создать чудесные картины вашему юному художнику. Мягкий грифель диаметром 2,9 мм легко рисует на бумаге и не царапает ее, устойчив к механическим деформациям. После падения грифель остаётся целым внутри, легко затачивается стандартными точилками. Трехгранный корпус изготовлен из натуральной древесины американской липы и покрыт лаком на водной основе, что делает безопасным использование для детского возраста. В набор входят 36 цветных карандаша ярких, классических цветов. Набор цветных карандашей - это практичный и современный художественный инструмент, который поможет вам в создании самых выразительных произведений. Набор представлен в картонной упаковке с окошком.",599,2135429,"Карандаши цветные MAPED COLOR'PEPS треугольные, ударопрочный грифель картонном футляре, 36 цв",Maped
"Восковые карандаши BRAUBERG идеально подходят для детского творчества. Предназначены для рисования на бумаге любого типа, а также дереве, картоне и стекле. Не пачкают руки, благодаря индивидуальной бумажной обертке каждого карандаша. Тип товара: карандаши. Серия: Академия. Количество цветов в наборе: 18. Форма корпуса: круглая. Диаметр: 8 мм. Смываемые: да. Бумажное покрытие корпуса: да. Количество дизайнов упаковки: 1. Упаковка: картонная с европодвесом. Артикул производителя: 227284.",135,13150088,"Восковые карандаши Академия, набор 18 цветов",Brauberg
"Ополаскиватель для полости рта Glister уменьшает количество бактериального налета на зубах. Освежает дыхание. Обладает приятным вкусом и ароматом. Ополаскиватель очищает те области, которые недосягаемы для щетки и зубной нити: стенки ротовой полости, челюсти, области на языке и под языком. Они также нуждаются в очистке от бактерий.GLISTER Концентрированная жидкость для полоскания полости рта получила Знак Одобрения Стоматологической Ассоциацией России. Наличие Знака Одобрения позволяет рекомендовать её широкое использование в стоматологии и служит гарантией её качества и потребительских свойств для стоматологов и населения.",849,20972243,"""ГЛИСТЕР"" КОНЦЕНТРИРОВАННАЯ ЖИДКОСТЬ ДЛЯ ПОЛОСКАНИЯ ПОЛОСТИ РТА 50ml /GLISTER/AMWAY/Амвей",GLISTER
"Безопасная и удобная детская зубная щетка разработана специально для детей в возрасте от 2 до 8 лет. Особая форма щетины делает чистку зубов максимально эффективной. Углубление в центре щетины повторяет форму зуба, а более длинные щетинки вокруг массируют десны. Удлиненные щетинки очищают даже самые труднодоступные места. Ионы серебра блокируют размножение бактерий в щетине, подтверждено испытаниями в ЕС. Мягкая щетина бережно очищает налет с зубов, не повреждая нежную детскую эмаль. Специальное резиновое покрытие головки защищает нежные детские зубы и десны от возможных повреждений.Удобная эргономичная форма ручки разработана специально для детей. Специальные вставки предотвращают скольжение в ладошке.",405,22076286,"Детская зубная щетка от 2 до 8 лет с ионами серебра, 2 шт.",SPLAT
"Эффективно удаляет зубной налет, не повреждая зубную эмаль. Способствует реминерализации эмали, делает зубы крепче. Обладает отбеливающим действием и освежает дыхание.ДЕЙСТВИЕ ИНГРЕДИЕНТОВ** Проникая в структуру зубной эмали, фтор** нормализует ее минеральный состав, то есть реминерализует и предотвращает образование кариеса.",556,47705864,GLISTER/Многофункциональная зубная паста Глистер с фтором/AMWAY/АМВЕЙ 150мл,Amway
"Детская зубная щетка CURAKID для самых маленьких! Содержит 4260 ультрамягких щетинок CUREN из сверхтонкого полиэстрового волокна толщиной 0,10 мм, чистит тщательно и без боли. Рекомендована с момента появления первого зуба до 4 лет.
Дугообразная форма ручки идеально подходит для детской и родительской руки и снижает давление на десну. Благодаря прорезиненной поверхности можно использовать как первый прорезыватель. Силиконовая основа ручки позволяет крепить ее на гладкие зеркальные поверхности. Ваши дети полюбят чистить зубы щеткой CURAPROX.
Цвет щетины в ассортименте. Может отличаться от указанной на фото.",887,15069280,"Зубная щетка CS Baby детская c гумированной ручкой, 4260 щетинок, от 0 до 4 лет",Curaprox
"Лечебно-профилактическая низкоабразивная зубная био-паста комплексного действия для ежедневного применения. Для профилактики кариеса и чувствительности эмали. Хорошо удаляет пигментированный налет от чая, кофе, табака и пр. Универсальная паста для всех членов семьи. Подходит подросткам с 12 лет. Не искажает вкусовое восприятие - идеально подходит для гурманов. Не содержит SLS (лаурилсульфат натрия), парабены, ароматизаторы, красители. В основе пасты - лактопероксидазная ферментная система животного происхождения, которая поддерживает местный иммунитет полости рта, усиливает естественное антибактериальное, реминерализующее, очищающее действие слюны. Содержание фторида натрия 1450 ppm. Индекс абразивности RDA 60. Рекомендовано использование с звуковой зубной щеткой.",1237,6503176,"Зубная паста Enzycal 1450 ppm фторидов натрия, 75 мл. с 12 лет",Curaprox
"GC Tooth Mousse (Тус мусс) - специальный реминерализирующий гель, содержащий биодоступный кальций и фосфор. Активный компонент Recaldent в составе восстанавливает минеральный баланс. Recaldent - вытяжка из казеина коровьего молока, которая, попадая в полость рта, начинает воздействовать на эмаль, мягкие ткани и даже зубной налет. Ионы кальция и фосфора восстанавливают ослабленную эмаль. Благодаря кальцию происходит реминерализация эмали, что приводит к значительному снижению риска возникновения кариеса. Гель Тусс Мус обладает приятным сладким вкусом. Применяются для профилактики кариеса, повышенной чувствительности зубов, сразу после отбеливания зубов - для снижения гиперчувствительности эмали, после профессиональной чистки, процедур фторирования фторгелем. Весь товар проходит проверку! Проверочные коды на каждой упаковке, действительны однократно - защита от копирования. Изучите процедуру проверки на фото.",1330,18485873,Реминерализирующий гель GC Tooth Mousse Тус Мусс Дыня 40г. (35мл.) США,GC Corporation
"Набор из трех ультра мягких зубных щеток. Cамые мягкие и густые из всех щеток CURAPROX, с большим количеством щетинок. 5460 щетинок CUREN выполнены из сверхтонкого полиэстрового волокна толщиной 0,10мм, что обеспечивает максимально комфортное и атравматичное удаление зубного налёта. Густая щетина идеально полирует эмаль. Компактная головка щетки позволяет тщательно очистить всю поверхность зуба. Щетки идеально подойдут всем, а также людям с повышенной чувствительностью эмали и кровоточивостью десен. Ваши зубы и дёсны полюбят эту невероятно мягкую и эффективную щетку.",2130,6503152,"Набор зубных щеток cs ""ultrasoft"", 5460 щетинок (3 шт.)",Curaprox
"Детская зубная щетка CURAKID для самых маленьких! Содержит 4260 ультрамягких щетинок CUREN из сверхтонкого полиэстрового волокна толщиной 0,10 мм, чистит тщательно и без боли. Рекомендована с момента появления первого зуба до 4 лет.
Дугообразная форма ручки идеально подходит для детской и родительской руки и снижает давление на десну. Благодаря прорезиненной поверхности можно использовать как первый прорезыватель. Силиконовая основа ручки позволяет крепить ее на гладкие зеркальные поверхности. Ваши дети полюбят чистить зубы щеткой CURAPROX.
Цвет щетины в ассортименте. Может отличаться от указанной на фото.",887,15069282,"Зубная щетка CS Baby детская c гумированной ручкой, 4260 щетинок, от 0 до 4 лет",Curaprox
"Зубная паста без фтора Neobio обеспечит Вам здоровый и полноценный уход не только за зубами, но и за всей полостью рта. Наверняка Вам известно, что самое большое количество различных бактерий обитает во рту. И это не удивительно. Ведь здесь идеальная среда для их развития и размножения. Большинство из наших микроскопических спутников являются друзьями, они предохраняют от патогенных захватчиков.К сожалению, часто баланс флоры и целостность слизистой оболочки рта нарушается под влиянием различных факторов: нехватка витаминов и минералов, нарушение обмена веществ, некоторые заболевания, прием лекарств, вредные привычки, горячее питье, механические травмы. В результате возникают бреши в обороне - микротравмы, язвы, ранки, в которые легко внедряется инфекция, вызывающая боль, дискомфорт, кровоточивость и неприятный запах. Зубная эмаль хоть и является сверхпрочной структурой, но и она в силу нехватки необходимых минералов имеет изъяны, что может привести к кариесу.",317,3127487,Натуральная зубная паста без фтора 75мл,Neobio
"Домашнее отбеливание зубов:- Капа стоматологическая, лампа активатор от телефона 1 штука- Отбеливающий карандаш для зубов , 3 штуки по 2 мл с гелем для отбеливания зубов- Шкала оттенков зубной эмали и инструкция на русском 1 шт.- Инструкция на русском языкеОтбеливание зубов MY BRILLIANT SMILE.Система отбеливания зубов Ismile дает длительный эффект отбеливания зубовХранить в сухом и прохладном месте. Противопоказания: Аллергические реакции на компоненты состава, повышенная чувствительность зубов, кровоточивость десен. Не подходит для осветления зубов с поражениями или в процессе лечения. Не подходит для дефектной эмали, пломбированных зубов и зубов с повреждениями.Нельзя использовать детям до 12 лет и беременным женщинам.Меры предосторожности: Использовать по назначению.Избегать попадания геля в глаза, в случае попадания обильно смыть водой.Хранить в местах, недоступных для детей. Гель для отбеливания безопасен для пломб, коронок, вениров и протезов. Набор для отбеливания зубов ISMILE.",2544,32316669,Отбеливание зубов гель 3D white/Карандаш для отбеливания 3 шт./до12 тонов за 7 дн по 20 мин,MY BRILLIANT SMILE
Бамбуковые зубные щетки мягкой жесткости с филированными сверхтонкими щетинками. В набое 4шт. разного цвета для каждого члена семьи! Бамбуковые щетки с угольным напылением имеют два уровня щетины для эффективного очищения полости рта.Щетина верхнего уровня имеет заостренные кончики для проникновения в труднодоступные места.4шт. в упаковке.,242,14570349,Бамбуковые щетки с угольным напылением/Набор филированных зубных щеток 4шт/Мягкие зубные,Hozma
"Объемная вощеная зубная нить Dental Floss разработана на основе запатентованной технологии There is only one! и производится в Италии. В процессе использования нити ее волокна распушаются, что гарантирует более эффективную очистку межзубных промежутков и безопасность для десен.В ассортименте нити со вкусом клубники, кардамона и лайма с бергамотом.ЭФФЕКТ:- Уникальный АНТИБАКТЕРИАЛЬНЫЙ компонент Biosol надолго обеспечивает СВЕЖЕТЬ дыхания и ЗАЩИТУ от бактерий.- КЛУБНИЧНЫЙ аромат содержит более 50 ароматических веществ, благодаря которым он способен поднять настроение и обеспечить ПРИЛИВ СИЛ и БОДРОСТИ.Уменьшается образование налета и снижается кровоточивость десен.Объемные нити бережно очищают, благодаря уникальной структуре обеспечивают тщательное очищение боковых поверхностей зубов. Аромат клубники помогает при бессоннице, освежает дыхание, ароматы бергамота и лайма тонизируют и улучшают настроение, а кардамон придает свежесть дыханию.",238,19670716,"Объемная зубная нить SPLAT Professional Dental Floss с ароматом Клубники, 30 метров",SPLAT
"Натуральная зубная паста для комплексного укрепления SYNERGETIC со вкусом ""УЛЬТРАМЯТА""- безопасная и эффективная паста без фтора, которая предназначена для активной реминерализации и укрепления зубной эмали и защиты десен. Активные компоненты в этой пасте - минерал гидроксиапатит и лактат кальция, которые способствуют реминерализации эмали. Растительные компоненты из Германии, швейцарские витамины A, C, E, цитрат цинка и экстракты шалфея, ромашки и розмарина улучшают обменные процессы и восстанавливают здоровье десен. Высокая концентрация натуральных компонентов оказывает общий тонизирующий и противовоспалительный эффект. Вся линейка зубных паст #КРАСИВЫЕЗДОРОВЫЕЛЮДИ не содержит мела, фтора, SLS, SLES, парабенов, триклозана и диоксида титана.",179,14031544,"Зубная паста Комплексное укрепление ""УЛЬТРАМЯТА"" натуральная, без фтора, 100г",SYNERGETIC
"Объемная вощеная зубная нить Dental Floss разработана на основе запатентованной технологии There is only one и производится в Италии. В процессе использования нити ее волокна распушаются, что гарантирует более эффективную очистку межзубных промежутков и безопасность для десен.В ассортименте нити со вкусом клубники, кардамона и лайма с бергамотом.ЭФФЕКТ: Уникальный АНТИБАКТЕРИАЛЬНЫЙ компонент Biosol надолго обеспечивает СВЕЖЕТЬ дыхания и ЗАЩИТУ от бактерий. Эфирное МАСЛО БЕРГАМОТА обладает приятным лимонным привкусом, который освежает дыхание и в сочетании с ЛАЙМОМ тонизирует.",238,19670713,"Объемная зубная нить SPLAT Professional Dental Floss с ароматом Бергамота и Лайма, 30 метров",SPLAT
"Детская зубная щетка CURAKID для самых маленьких! Содержит 4260 ультрамягких щетинок CUREN из сверхтонкого полиэстрового волокна толщиной 0,10 мм, чистит тщательно и без боли. Рекомендована с момента появления первого зуба до 4 лет.
Дугообразная форма ручки идеально подходит для детской и родительской руки и снижает давление на десну. Благодаря прорезиненной поверхности можно использовать как первый прорезыватель. Силиконовая основа ручки позволяет крепить ее на гладкие зеркальные поверхности. Ваши дети полюбят чистить зубы щеткой CURAPROX.
Цвет щетины в ассортименте. Может отличаться от указанной на фото.",868,15069281,"Зубная щетка CS Baby детская c гумированной ручкой, 4260 щетинок, от 0 до 4 лет",Curaprox
"Набор из 3-х паст KLATZ GLAMOUR ONLY ALCO и зубной щетки Glamour Only medium в подарок. Вкусы: Соблазнительный просекко; Апероль шприц; Вечерний вермут.Бережно и эффективно очищает эмаль, оставляя после себя приятное послевкусие. Активные компоненты в составе подавляют рост патогенных микроорганизмов, ухаживают за деснами, укрепляют эмаль и надолго сохраняют ощущение свежести в полости рта. Активные компоненты:- Гидроксиапатит кальция - Ксилит - Диоксид кремния - Лактат цинка- Гиалуронат натрия Щетка Glamour Only medium представлена в розовом цвете и имеет щетину средней жесткости. Щетинки закруглены и отполированы на кончиках по уникальной немецкой технологии. Эргономичная форма ручки позволяет легко очистить даже труднодоступные места.Это лучший подарок девушке любого возраста!",608,16354713,"Клатц /Набор: GLAMOUR ONLY Зубная паста для женщин, 3 шт + Зубная щетка, 1 шт",KLATZ
"Набор из трех ультра мягких зубных щеток. Cамые мягкие и густые из всех щеток CURAPROX, с большим количеством щетинок. 5460 щетинок CUREN выполнены из сверхтонкого полиэстрового волокна толщиной 0,10мм, что обеспечивает максимально комфортное и атравматичное удаление зубного налёта. Густая щетина идеально полирует эмаль. Компактная головка щетки позволяет тщательно очистить всю поверхность зуба. Щетки идеально подойдут всем, а также людям с повышенной чувствительностью эмали и кровоточивостью десен. Ваши зубы и дёсны полюбят эту невероятно мягкую и эффективную щетку.",2130,6503151,"Набор зубных щеток cs ""ultrasoft"", 5460 щетинок (3 шт.)",Curaprox
"Защита от кариеса и зубного камня. Свежесть дыхания и мягкое очищение с помощью минералов и микроэлементовНатуральная паста прекрасно очищает и естественным образом отбеливает зубы. Бикарбонат натрия нейтрализует воздействие кислот на зубную эмаль, защищает от налета и зубного камня. Экстракты мирры и ратании обладают антибактериальным действием и предотвращают воспаление десен. Эфирное масло перечной мяты в сочетании с морской солью придает пасте свежий, слегка терпкий и солоноватый вкус. RDA - 20 Не содержит SLS/ALS, синтетических консервантов, красителей, ароматизаторов, отбеливателей и фторидов.Состав: Вода Бикарбонат натрия Глицерин Кремний Масло мяты перечной Сок терна Экстракт смолы мирры Экстракт корня ратании Экстракт коры каштана Экстракт корня аронника Поваренная соль Гуаровая камедь Масло жожоба Спирт Эскулин Лактоза Аромат Лимонен*1 Линалоол*1 (1 из концентрата натуральных масел)",379,2180819,Солевая зубная паста 75 мл,Weleda
"Набор из трех ультра мягких зубных щеток. Cамые мягкие и густые из всех щеток CURAPROX, с большим количеством щетинок. 5460 щетинок CUREN выполнены из сверхтонкого полиэстрового волокна толщиной 0,10мм, что обеспечивает максимально комфортное и атравматичное удаление зубного налёта. Густая щетина идеально полирует эмаль. Компактная головка щетки позволяет тщательно очистить всю поверхность зуба. Щетки идеально подойдут всем, а также людям с повышенной чувствительностью эмали и кровоточивостью десен. Ваши зубы и дёсны полюбят эту невероятно мягкую и эффективную щетку.",2130,6503150,"Набор зубных щеток cs ""ultrasoft"", 5460 щетинок (3 шт.)",Curaprox
"6 щеток. 5000 закругленных щетинок UltraX. Нейлон премиум-качества. Мягкость щетины занимает промежуточное положение между мягкой зубной щеткой и средней зубной щеткой. Это позволяет использовать щетку как любителям мягких щеток, так и тем, кто привык пользоваться зубными щётками средней жесткости. 5000 щетинок эффективно удаляют налет, и смягчают воздействие щетки на десну. Зубные щетки Revyline разработаны при участии ведущих стоматологов России на основании международных научных исследований по уходу за полостью рта. Жесткость щетины soft-medium подходит большинству людей. Компактная головка щетки достает даже до труднодоступных мест. Компактная чистящая головка зубных щеток из набора подойдет взрослым и детям. Ручка эргономичной формы помогает чистить зубы под правильным углом. Упаковка из 6 щеток позволит забыть о покупке сменных щеток на год. Зубные щётки выполнены в ярком дизайн.",692,27152509,Набор зубных щеток Revyline Premium SM5000 - 5000 щетинок (6 шт.),Revyline
"Как работает зубная паста Biorepair Pro White 1. Поддержание естественной белизны зубов. 2. Восстановление эмали зубов. Зубная паста Biorepair содержит частицы microRepair проникая в микротрещины, частицы microRepair восстанавливают поврежденную эмаль и запечатывают открытые дентинные канальцы, что мгновенно снижает чувствительность зубов. 3. Снятие налета. В зубных пастах Biorepair содержится неабразивная силика, которая щадящим и безопасным способом очищает эмаль от налета. Зубная паста Biorepair Комплексная Защита имеет средний уровень абразивности (RDA) 50. 4. Антибактериальная защита. В состав частиц microRepair входят ионы цинка. Эти частицы закрепляются на эмали, благодаря своей игольчатой форме и остаются на поверхности в течение 24 часов.",680,14169061,Biorepair Pro White Биорепейр Про Вайт зубная паста 75 мл,BIOREPAIR
"**Зубная паста для детей активные ингредиенты:** Содержит аминофторид. Оптимальное содержание фторида для детей: 1000 ppm F .Elmex Детская зубная паста для детей с 2 до 6 лет разработана для ежедневного ухода и защиты мягкой, не полностью сформировавшейся эмали молочных зубов. Обладает приятным, мягким, но не сладким вкусом, что не провоцирует ребенка к проглатыванию зубной пасты. Содержание аминофторида адаптировано к потребностям организма ребенка в возрасте до 6 лет.Способ применения:Небольшое количество пасты нанесите на зубную щетку. Чистите зубы в течение 2х минут, после чего ополосните рот водой. Улыбнитесь!Не забывайте чистить зубы дважды в день и менять зубную щетку каждые 3 месяца.Состав на упаковке:Aqua, Sorbitol, Hydrated Silica, Hydroxyethylcellulose, Cocamidopropyl Betaine, Olaflur, Aroma, Saccharin",455,28673811,"Элмекс Зубная паста детская от 2 до 6 лет, 50 мл",Elmex
"Революционный препарат в области ухода за полостью рта, воплотивший в себе самые передовые достижения в медицине и биохимии. Соединения, входящие в комплекс ""РемарсГель"", обладают свойством постепенно проникать в эмаль зубов и замещать утраченный кальций, укрепляя и восстанавливая естественную защиту зуба. ""РемарсГель"" (гель) поистине уникален по своему действию и имеет необычайно широкий спектр применения: профилактика и лечение кариеса зубов в стадии ""белого пятна"", стираемость эмали, восстановление эмали после всех видов отбеливания зубов и ортодонтического лечения, повышенная чувствительность, защита от зубного камня, детям в период роста постоянных зубов от 6 лет. Ежедневно образующийся зубной налёт содержит в себе огромное количество бактерий. Выделяя кислоты различного состава, бактерии разрушают эмаль, как бы растворяя находящиеся в ней молекулы кальция, и тем самым лишают её защитных свойств. Применение ""РемарсГеля"" помогает предотвратить появление кариеса. 2 тубы по 75 мл.",1000,5006945,"Реминерализующий комплекс Ремарсгель Ремарс для укрепления зубов, защита от кариеса и зубного камня",Remars
"Полоски для отбеливания зубов RIGEL - это инновационный продукт для безопасного и эффективного отбеливания зубов, адаптированный для использования on-the-go. Отбеливающие полоски RIGEL произведены в Великобритании по европейской запатентованной формуле Eureco HC с активным кислородом, которая бережно отбеливает ваши зубы, оставляя мятный привкус и освежая дыхание. Полоски для отбеливания зубов RIGEL не содержат перекиси водорода или карбамида. Отбеливающие полоски RIGEL не только бережно и эффективно отбеливают зубы, а еще удаляют зубной налет, обладают антисептическим действием, убивая болезнетворные бактерии в полости рта и освежают дыхание, так как имеют приятный мятный вкус. Таким образом, полоски RIGEL это многофункциональное средство для регулярного ухода за полостью рта и их использование не только сделает вашу улыбку белоснежной, но и поможет поддерживать здоровье ваших зубов и десен. Отбеливающие полоски RIGEL - это новая эра в отбеливании зубов!",1584,52827779,Профессиональные полоски для отбеливания зубов on-the-go из Лондона,RIGEL
,188,2599700,Зубная нить Essential floss мятная 50м,Oral-B
"Детская зубная щетка u образной формы ( зубная щетка детская силиконовая) облегчит гигиену полости рта малыша . С щеткой 360 градусов ребенок и вы будете получать удовольсвтие от утренних и вечерних процедур. Детская силиконовая зубная щётка имеет многочисленные щетинки,что позволяет очистить зубы за короткое время. Зубная щетка ультамягкая позволяет удалить налет с зубов ребенка и улучшить кровообращение в деснах. Реуомендовано для детей от 2 до 12 лет, а также можно использовать для малышей как прорезыватель грызунок. Правила использования очень просты, наносим зубную пасту на обе стороны щетки, попросив ребенка зукусить силиконовую дугу, чтобы зубки попали в прорези с щетинками. Повернуть вправо- влево, повторяя до окончания процедуры. Промыть под водой. Перед первым использованием простерилизовать. Пользуйтесь с удовольствием! Цвет товара может немного отличаться от фото.Зубная щетка u образная, зубная щетка 360 градусов,зубная щетка детская, зубная щетка, зубная щетка мягкая.",294,46020726,Зубная щетка детская U образная зубная щётка 360 градусов /от 2 лет/от 6 лет,GK
"Специальная разработка для малышей - эффективная и безопасная зубная паста-гель для молочных зубов. Гель мягко и эффективно очищает зубы, предотвращает появление кариеса и снижает чувствительность десен. Не содержит фтора, искусственных консервантов, красителей и ароматизаторов, поэтому абсолютно безопасен даже при проглатывании. Приятный вкус сладкой мяты нравится детям. Индекс RDA 30.Способ применения: Нанести небольшое количество пасты на влажную зубную щетку, очистить зубы, затем тщательно прополоскать рот водой.Важная информация: Мы отказались от стикера для контроля вскрытия коробки, чтобы сократить количество используемого пластика, в связи с экологической инициативой. Также, производителем не предусмотрена защитная пломба на тубе. Вся упаковка разработана таким способом, чтобы сохранить качество содержимого максимально долго и минимизировать вред, наносимый окружающей среде.",288,2180814,Детская зубная паста-гель 50 мл,Weleda
"Активные ингредиенты: Содержит аминофторид Оптимальное содержание фторида для детей 6-12 лет: 1400 ppm F-Elmex Юниор детская зубная паста для детей от 6 до 12 лет укрепляет эмаль и защищает от кариеса вновь прорезавшиеся постоянные зубы. Предназначена для ежедневной гигиены полости рта детей в возрасте 6-12 лет с целью обеспечения длительной защиты от кариеса, снижения растворимости и укрепления зубной эмали. Европейское качество ухода за полостью рта. Одобрено Стоматологической Ассоциацией РоссииСпособ применения:Небольшое количество пасты нанесите на зубную щетку. Чистите зубы в течение 2х минут, после чего ополосните рот водой. Улыбнитесь!Не забывайте чистить зубы дважды в день и менять зубную щетку каждые 3 месяца.Состав на упаковке:Aqua, Hydrated Silica, Sorbitol, Hydroxyethylcellulose, Olaflur, Aroma, Saccharin, Limonene",550,19081590,Зубная паста детская Elmex Юниор 75мл для детей от 6 до 12 лет,Elmex
"Детская зубная паста имеет 100% натуральный состав, разработана специально для ухода за молочными зубами. Возрастные рекомендации 0+. Сбалансированный состав без фтора и красителей очищает молочные зубы с помощью мягких чистящих веществ, предотвращает появление налета и развитие кариеса. Экстракты органического яблока и папаи дарят свежесть и фруктовый вкус. Безопасна при проглатывании. Натуральность и безопасность продукта подтверждена международным сертификатом NATRUE. Не содержит SLS и другие продукты переработки нефтехимии. Способ применения: Чистить зубы небольшим количеством зубной пасты (не больше горошины) в течении 2-3 минут дважды в день.",295,3127480,"Натуральная детская гелевая зубная паста без фтора с био-яблоком и папайей, 50 мл",Neobio
"МНОГОФУНКЦИОНАЛЬНАЯ КОНЦЕНТРИРОВАННАЯ зубная паста Глистер эффективно удаляет зубной налет, не повреждая зубную эмаль. Формула REMINACT cпособствует реминерализации эмали, делает зубы крепче. Обладает отбеливающим действием и освежает дыхание. ощущение фантастической свежести И чистоты! Глистер рекомендован взрослым и ДЕТЯМ С 6 лет! А большой упаковки 150 ml хватит на очень долгий период , так как достаточно всего одной горошины пасты !",652,19502423,МНОГОФУНКЦИОНАЛЬНАЯ ЗУБНАЯ ПАСТА ГЛИСТЕР С ФТОРОМ 150ml/Amway/Амвей/Amway,GLISTER
"FLOCLEAN (ФЛОКЛИН) - это вощеная зубная нить с зубочисткой для чистки зубов и ухода за брекетами. Объемная нить белого цвета убирает остатки пищи и счищает зубной налет, отбеливая вашу улыбку. Своевременное очищение предотвращает запах изо рта и кариес. Возьмите флоссер, вставьте зубную нить между зубами и плавными движениями очистите застрявшую пищу. Аккуратно извлеките нить и утилизируйте FLOCLEAN. При необходимости воспользуйтесь обратной стороной флостика как зубочисткой. Одноразовые пластиковые флосеры удобно носить с собой и брать в поездку. Детям можно использовать только при наблюдении взрослых. TEG:#вощеная зубная нить с зубочисткой флоссер белого цвета детский флостики флосстики зубочистка с нитью одноразовые отбеливающая очищая зубной налет для чистки зубов. Для ухода за брекетами, Брекеты, украсить. Поисковые запросы: зубная нить, зубная нить oralb, oral b, splat, орал би, орэл би, орэл б, орал б, сплат, флоссер, флоссеры для зубов, ирригатор, чистка зубов, нить для зубов.",386,36552703,Зубная нить + зубочистки. Флосеры/флоспик/флостик/floss/флоклин/floclean/отбеливающие/полоски,Space-Diamond
"Натуральный зубной порошок ""ОСВЕЖАЮЩИЙ"" содержит в себе ЭФИРНЫЕ МАСЛА МЯТЫ И ЭВКАЛИПТА, которые дарят ощущение свежести и приятный аромат на длительное время. ЭКСТРАКТ ПОЛЫНИ ГОРЬКОЙ дезинфицирует полость рта, зубы, десны. ЭФИРНОЕ МАСЛО КОРИЦЫ обладает антимикробными свойствами, также является природным антиоксидантом. СОДА ПИЩЕВАЯ хорошее дезинфицирующее средство, позволяющее справляться с заболеваниями полости рта. БЕЛАЯ ГЛИНА качественно очищает зубы от налета и предотвращает появление зубного камня. МОРСКАЯ СОЛЬ богата микроэлементами и минералами, которые благотворно воздействуют на зубы и десны. СПОСОБ ПРИМЕНЕНИЯ: Небольшое количество порошка развести водой до получения кашицеобразной массы. Пользоваться при этом желательно зубной щёткой с мягкой щетиной. Техника чистки такая же, как и при использовании зубной пасты. Использовать не чаще двух раз в неделю.",255,6852597,"Натуральный зубной эко-порошок ""Освежающий"", с мятой и эвкалиптом, профилактика зубного камня, 60 г",Siberina
"Активные ингредиенты зубных паст играют важнейшую роль, от их эффективного действия зависит красота и здоровье Ваших зубов. КАРБОНАТ КАЛЬЦИЯ - природный минерал очень мелкого помола. Обеспечивает удаление налета и зубного камня без вреда для эмали. ЭФИРНОЕ МАСЛО И ЭКСТРАКТ МЯТЫ уничтожают бактерии, вызывающие неприятный запах. Придают свежесть дыханию и приятный аромат на целый день. ЭКСТРАКТ ЗЕЛЕНОГО ЧАЯ обладает противовоспалительными свойствами, помогает избежать заболевания десен. ЭКСТРАКТ КОРЫ ДУБА обладает эффектом микропломбы-""замазывает"" микротрещины в зубной эмали, блокирует дентинные каналы, снижает чувствительность зубов. КСИЛИТ значительно уменьшает количество кариесогенных бактерий. Выравнивает кислотно-щелочной баланс полости рта. Заметно ускоряет усвоение зубной эмалью минералов. МОРСКАЯ СОЛЬ богата микроэлементами и минералами, которые благотворно воздействуют на зубы и десны.",240,7125915,"Натуральная зубная паста освежающая ""Мята"", очищающая от налета, зубного камня и кариеса, 50 мл",Siberina
"Как работает зубная паста Biorepair Kids1.Увлажнение десен.Зубная паста Biorepair Kids содержит экстракт земляники, который увлажняет и питает десны, тем самым облегчая процесс прорезывания зубов.Паста является гипоаллергенной. Подходит для детей от 0 до 6 лет. Новорожденным можно протирать десны пастой после приема пищи.2. Восстановление эмали зубов. Зубная паста Biorepair содержит частицы microRepair, активные микрочастицы гидроксиапатита, идентичные натуральному гидроксиапатиту эмали и дентина человека. Проникая в микротрещины, частицы восстанавливают поврежденную эмаль и запечатывают открытые дентинные канальцы, тем самым укрепляя детские зубы.3. Снятие налета.В зубных пастах Biorepair содержится неабразивная силика, которая безопасным способом очищает эмаль от налета.Зубная паста для детей имеет низкий уровень абразивности 14,74. Антибактериальная защита.",397,14169062,Вiоrераir Kids Биорепейр детская зубная паста со вкусом земляники 50 мл,BIOREPAIR
"FLOCLEAN (ФЛОКЛИН) - это вощеная зубная нить с зубочисткой для чистки зубов и ухода за брекетами. Объемная нить белого цвета убирает остатки пищи и счищает зубной налет, отбеливая вашу улыбку. Своевременное очищение предотвращает запах изо рта и кариес. Возьмите флоссер, вставьте зубную нить между зубами и плавными движениями очистите застрявшую пищу. Аккуратно извлеките нить и утилизируйте FLOCLEAN. При необходимости воспользуйтесь обратной стороной флостика как зубочисткой. Одноразовые пластиковые флосеры удобно носить с собой и брать в поездку. Детям можно использовать только при наблюдении взрослых. TEG:#вощеная зубная нить с зубочисткой флоссер белого цвета детский флостики флосстики зубочистка с нитью одноразовые отбеливающая очищая зубной налет для чистки зубов. Для ухода за брекетами, Брекеты, украсить. Поисковые запросы: зубная нить, зубная нить oralb, oral b, splat, орал би, орэл би, орэл б, орал б, сплат, флоссер, флоссеры для зубов, ирригатор, чистка зубов, нить для зубов.",386,62092181,Зубная нить + зубочистки. Флосеры/флоспик/флостик/floss/флоклин/floclean/отбеливающие/полоски,Space-Diamond
"Безалкогольный ополаскиватель Oral-B Professional Protection эффективное средство ежедневного ухода для тех, кому нужна дополнительная помощь при гигиене полости рта. Приятный мятный вкус оставляет ощущение свежести и чистоты полости рта. Не содержит алкоголь. При использовании дважды в день после чистки зубов помогает предотвратить появление кариеса в труднодоступныз участках, оставляя ощущение свежести в ротовой полости. Способствует профилактике кариеса. Борется с образованием зубного налёта. Защищает от проблем с дёснами. Поддерживает чистоту в труднодоступных местах полости рта. Освежает дыхание. Помогает бороться с бактериями.",198,3970148,Ополаскиватель для полости рта Professional Protection Свежая Мята 250мл,Oral-B
"Пастельные карандаши монолиты - это полнотелые карандаши без деревянного корпуса, они целиком состоят из грифеля, легко точатся и их хватает надолго. Они созданы как для любителей работать с пастелью, так и для продвинутых пользователей. Выберите для себя подходящий набор: 12, 24 или 36 цветов. Палитра подходит для любых сюжетов: портрет, пейзаж, анималистика, натюрморты. Цветовая гамма от пастельных и ахроматических до ярких и сочных цветов. Смешиваются между собой, достаточно укрывистые. В работе можно пользоваться растушевкой, спонжами, мягкими и упругими кистями, руками, также наносить штрихи самими монолитами. Широкий грифель, который можно затачивать в точилке или на наждачной бумаге, обернут в пленку для того, чтобы ваши руки оставались чистыми, а сам стержень не крошился и не подвергался механическому воздействию извне. Жестяная коробка даёт дополнительную защиту. На ней вы найдёте названия цветов и выкраску. После того, как работа готова, закрепите рисунок лаком-фиксативом.",1992,53469960,"Цветные пастельные карандаши для рисования, набор круглых художественных карандашей монолитов",Малевичъ
"Зубная нить с зубочисткой со вкусом мяты,одноразовая,удобная в использовании,транспортировке и хранении.Позволяет легко проникать в труднодоступные места и очищать зубы и межзубные промежутки от налета и кусочков пищи!",149,14832510,Зубная нить с зубочисткой со вкусом мяты,Dr.Ziza
"Лечебно-профилактическая японская зубная паста APADENT Total Care с Медицинским Нано-Гидроксиапатитом глубоко реминерализует и восстанавливает эмаль, борется с чувствительностью зубов и предотвращает развитие кариеса. Без фтора. Все заявленные свойства подтверждены клиническими исследованиями на протяжении 40 лет! Эмаль зубов на 97% состоит из Гидроксиапатита. В зубной пасте Ападент Гидроксиапатит Кальция содержится в форме нано-частиц, что позволяет ему проникать глубоко в структуру эмали и восполнять потери минералов на истощенных участках, встраиваясь в ткани зуба на молекулярном уровне. Высокая биодоступность и биосовместимость Нано-Гидроксиапатита позволяет восстанавливать эмаль глубоко изнутри, а не только на поверхности, в отличие от других зубных паст.Зубная паста APADENT Total Care универсальна, рекомендуется в том числе беременным женщинам, обладателям чувствительных зубов, пользователям брекет-систем и детям после того, как они научились сплевывать пасту.",2386,12004246,"Зубная паста от кариеса Ападент Total Care, восстановление зубной эмали, Япония, 120 гр.",Apadent
"Дизайн колпачка не предусматривает наличие фольги на горлышке тюбика.Японская лечебно-профилактическая зубная паста APADENT Kids 0+ с Медицинским Нано-Гидроксиапатитом (nano-mHAP) создана специально для детей с 0 лет и сочетает клинически доказанную эффективность, защиту от кариеса и безопасность. Без фтора.Замечательный землянично-виноградный вкус облегчает процесс приучения к чистке зубов - дети будут чистить зубы с удовольствием! Медицинский Нано-Гидроксиапатит (nano-Mhap) - минерал, из которого на 97% состоит зубная эмаль - благодаря нано-размеру частиц и высокой биосовместимости, глубоко реминерализует и укрепляет эмаль.В периоды прорезывания молочных зубов и сменного прикуса APADENT Kids является полноценным источником гидроксиапатита, способствуя более быстрому и качественному насыщению минералами эмали временных и постоянных зубов, предотвращает развитие кариеса на начальной стадии (белые пятна).Паста абсолютно безопасна при проглатывании и подходит для самых маленьких.",1504,12004248,"Детская зубная паста Ападент Kids от 0 без фтора, для укрепления эмали, против кариеса, 60 гр.",Apadent
"Карандаши акварельные Berlingo ""SuperSoft. Рыбки"", в наборе 24 цвета и кисть. Трехгранная форма корпуса диаметром 7 мм и длиной 18 см. Карандаши обладают идеальной растворимостью, смешиваемостью, мягким письмом. На каждом карандаше указание цвета на английском языке и поле для подписи имени владельца. Грифели стандарта качества 8А, мягкость письма, сравнимая с рисованием маслом и пастелью. Увеличенная до 4 мм толщина грифеля, выдерживающая сильное нажатие под углом 45 градусов. Специальная проклейка, предотвращающая поломку грифеля внутри карандаша при падении. Антибактериальная обработка на специализированном оборудовании, гарантирующая безопасное использование продукции детьми.",389,11305586,"Карандаши акварельные ""SuperSoft. Рыбки"", 24 цвета + кисть",Berlingo
